TID,Variable,Value
1980-01,2020indeks,32.038834951456316
1980-01,INDHOLD,33.0
1980-01,pi^12_t,
1980-01,pi_t,
1980-02,2020indeks,32.33009708737864
1980-02,INDHOLD,33.3
1980-02,pi^12_t,
1980-02,pi_t,0.009090909090908816
1980-03,2020indeks,32.81553398058252
1980-03,INDHOLD,33.8
1980-03,pi^12_t,
1980-03,pi_t,0.01501501501501501
1980-04,2020indeks,33.00970873786408
1980-04,INDHOLD,34.0
1980-04,pi^12_t,
1980-04,pi_t,0.005917159763313862
1980-05,2020indeks,33.49514563106796
1980-05,INDHOLD,34.5
1980-05,pi^12_t,
1980-05,pi_t,0.014705882352941124
1980-06,2020indeks,33.592233009708735
1980-06,INDHOLD,34.6
1980-06,pi^12_t,
1980-06,pi_t,0.0028985507246375164
1980-07,2020indeks,34.174757281553404
1980-07,INDHOLD,35.2
1980-07,pi^12_t,
1980-07,pi_t,0.017341040462427904
1980-08,2020indeks,34.271844660194176
1980-08,INDHOLD,35.3
1980-08,pi^12_t,
1980-08,pi_t,0.0028409090909089496
1980-09,2020indeks,34.46601941747573
1980-09,INDHOLD,35.5
1980-09,pi^12_t,
1980-09,pi_t,0.005665722379603277
1980-10,2020indeks,34.75728155339806
1980-10,INDHOLD,35.8
1980-10,pi^12_t,
1980-10,pi_t,0.008450704225352101
1980-11,2020indeks,35.04854368932039
1980-11,INDHOLD,36.1
1980-11,pi^12_t,
1980-11,pi_t,0.008379888268156499
1980-12,2020indeks,35.14563106796117
1980-12,INDHOLD,36.2
1980-12,pi^12_t,
1980-12,pi_t,0.0027700831024930483
1981-01,2020indeks,35.43689320388349
1981-01,INDHOLD,36.5
1981-01,pi^12_t,0.10606060606060574
1981-01,pi_t,0.00828729281767937
1981-02,2020indeks,35.728155339805824
1981-02,INDHOLD,36.8
1981-02,pi^12_t,0.10510510510510507
1981-02,pi_t,0.008219178082191858
1981-03,2020indeks,36.50485436893204
1981-03,INDHOLD,37.6
1981-03,pi^12_t,0.11242603550295849
1981-03,pi_t,0.021739130434782705
1981-04,2020indeks,36.89320388349515
1981-04,INDHOLD,38.0
1981-04,pi^12_t,0.11764705882352944
1981-04,pi_t,0.010638297872340496
1981-05,2020indeks,37.4757281553398
1981-05,INDHOLD,38.6
1981-05,pi^12_t,0.11884057971014483
1981-05,pi_t,0.015789473684210353
1981-06,2020indeks,37.86407766990291
1981-06,INDHOLD,39.0
1981-06,pi^12_t,0.12716763005780352
1981-06,pi_t,0.010362694300518172
1981-07,2020indeks,38.155339805825236
1981-07,INDHOLD,39.3
1981-07,pi^12_t,0.11647727272727226
1981-07,pi_t,0.007692307692307443
1981-08,2020indeks,38.25242718446602
1981-08,INDHOLD,39.4
1981-08,pi^12_t,0.11614730878186963
1981-08,pi_t,0.0025445292620867033
1981-09,2020indeks,38.640776699029125
1981-09,INDHOLD,39.8
1981-09,pi^12_t,0.12112676056338034
1981-09,pi_t,0.0101522842639592
1981-10,2020indeks,38.83495145631068
1981-10,INDHOLD,40.0
1981-10,pi^12_t,0.11731843575418988
1981-10,pi_t,0.005025125628140614
1981-11,2020indeks,39.32038834951456
1981-11,INDHOLD,40.5
1981-11,pi^12_t,0.12188365650969524
1981-11,pi_t,0.012499999999999956
1981-12,2020indeks,39.51456310679612
1981-12,INDHOLD,40.7
1981-12,pi^12_t,0.12430939226519322
1981-12,pi_t,0.004938271604938427
1982-01,2020indeks,39.80582524271845
1982-01,INDHOLD,41.0
1982-01,pi^12_t,0.12328767123287676
1982-01,pi_t,0.0073710073710073765
1982-02,2020indeks,40.0
1982-02,INDHOLD,41.2
1982-02,pi^12_t,0.11956521739130443
1982-02,pi_t,0.004878048780487809
1982-03,2020indeks,40.38834951456311
1982-03,INDHOLD,41.6
1982-03,pi^12_t,0.1063829787234043
1982-03,pi_t,0.009708737864077666
1982-04,2020indeks,40.582524271844655
1982-04,INDHOLD,41.8
1982-04,pi^12_t,0.09999999999999987
1982-04,pi_t,0.004807692307692069
1982-05,2020indeks,41.06796116504854
1982-05,INDHOLD,42.3
1982-05,pi^12_t,0.09585492227979264
1982-05,pi_t,0.011961722488038173
1982-06,2020indeks,41.359223300970875
1982-06,INDHOLD,42.6
1982-06,pi^12_t,0.09230769230769242
1982-06,pi_t,0.007092198581560405
1982-07,2020indeks,41.74757281553398
1982-07,INDHOLD,43.0
1982-07,pi^12_t,0.09414758269720114
1982-07,pi_t,0.009389671361502261
1982-08,2020indeks,41.94174757281554
1982-08,INDHOLD,43.2
1982-08,pi^12_t,0.09644670050761417
1982-08,pi_t,0.0046511627906977715
1982-09,2020indeks,42.42718446601942
1982-09,INDHOLD,43.7
1982-09,pi^12_t,0.09798994974874375
1982-09,pi_t,0.011574074074073959
1982-10,2020indeks,42.9126213592233
1982-10,INDHOLD,44.2
1982-10,pi^12_t,0.1050000000000002
1982-10,pi_t,0.011441647597254079
1982-11,2020indeks,43.30097087378641
1982-11,INDHOLD,44.6
1982-11,pi^12_t,0.10123456790123475
1982-11,pi_t,0.009049773755656076
1982-12,2020indeks,43.00970873786408
1982-12,INDHOLD,44.3
1982-12,pi^12_t,0.08845208845208852
1982-12,pi_t,-0.006726457399103158
1983-01,2020indeks,43.398058252427184
1983-01,INDHOLD,44.7
1983-01,pi^12_t,0.09024390243902425
1983-01,pi_t,0.009029345372460362
1983-02,2020indeks,43.49514563106796
1983-02,INDHOLD,44.8
1983-02,pi^12_t,0.08737864077669899
1983-02,pi_t,0.0022371364653244186
1983-03,2020indeks,43.398058252427184
1983-03,INDHOLD,44.7
1983-03,pi^12_t,0.07451923076923062
1983-03,pi_t,-0.0022321428571429047
1983-04,2020indeks,43.689320388349515
1983-04,INDHOLD,45.0
1983-04,pi^12_t,0.07655502392344515
1983-04,pi_t,0.006711409395973256
1983-05,2020indeks,44.1747572815534
1983-05,INDHOLD,45.5
1983-05,pi^12_t,0.0756501182033098
1983-05,pi_t,0.011111111111111072
1983-06,2020indeks,44.271844660194176
1983-06,INDHOLD,45.6
1983-06,pi^12_t,0.07042253521126751
1983-06,pi_t,0.00219780219780219
1983-07,2020indeks,44.271844660194176
1983-07,INDHOLD,45.6
1983-07,pi^12_t,0.06046511627906992
1983-07,pi_t,0.0
1983-08,2020indeks,44.46601941747573
1983-08,INDHOLD,45.8
1983-08,pi^12_t,0.06018518518518512
1983-08,pi_t,0.004385964912280604
1983-09,2020indeks,44.95145631067961
1983-09,INDHOLD,46.3
1983-09,pi^12_t,0.059496567505720854
1983-09,pi_t,0.01091703056768556
1983-10,2020indeks,45.24271844660194
1983-10,INDHOLD,46.6
1983-10,pi^12_t,0.05429864253393668
1983-10,pi_t,0.00647948164146861
1983-11,2020indeks,45.63106796116505
1983-11,INDHOLD,47.0
1983-11,pi^12_t,0.053811659192825045
1983-11,pi_t,0.008583690987124637
1983-12,2020indeks,45.63106796116505
1983-12,INDHOLD,47.0
1983-12,pi^12_t,0.060948081264108334
1983-12,pi_t,0.0
1984-01,2020indeks,45.82524271844661
1984-01,INDHOLD,47.2
1984-01,pi^12_t,0.0559284116331098
1984-01,pi_t,0.004255319148936287
1984-02,2020indeks,46.31067961165049
1984-02,INDHOLD,47.7
1984-02,pi^12_t,0.06473214285714302
1984-02,pi_t,0.010593220338983134
1984-03,2020indeks,46.40776699029126
1984-03,INDHOLD,47.8
1984-03,pi^12_t,0.06935123042505587
1984-03,pi_t,0.002096436058699913
1984-04,2020indeks,46.601941747572816
1984-04,INDHOLD,48.0
1984-04,pi^12_t,0.06666666666666665
1984-04,pi_t,0.004184100418410219
1984-05,2020indeks,47.0873786407767
1984-05,INDHOLD,48.5
1984-05,pi^12_t,0.06593406593406592
1984-05,pi_t,0.01041666666666674
1984-06,2020indeks,47.28155339805826
1984-06,INDHOLD,48.7
1984-06,pi^12_t,0.06798245614035103
1984-06,pi_t,0.004123711340206393
1984-07,2020indeks,47.18446601941748
1984-07,INDHOLD,48.6
1984-07,pi^12_t,0.06578947368421062
1984-07,pi_t,-0.002053388090349162
1984-08,2020indeks,47.37864077669903
1984-08,INDHOLD,48.8
1984-08,pi^12_t,0.06550218340611358
1984-08,pi_t,0.00411522633744843
1984-09,2020indeks,47.76699029126214
1984-09,INDHOLD,49.2
1984-09,pi^12_t,0.06263498920086397
1984-09,pi_t,0.00819672131147553
1984-10,2020indeks,47.961165048543684
1984-10,INDHOLD,49.4
1984-10,pi^12_t,0.060085836909871126
1984-10,pi_t,0.00406504065040636
1984-11,2020indeks,48.349514563106794
1984-11,INDHOLD,49.8
1984-11,pi^12_t,0.05957446808510625
1984-11,pi_t,0.00809716599190291
1984-12,2020indeks,48.25242718446602
1984-12,INDHOLD,49.7
1984-12,pi^12_t,0.057446808510638325
1984-12,pi_t,-0.00200803212851397
1985-01,2020indeks,48.446601941747566
1985-01,INDHOLD,49.9
1985-01,pi^12_t,0.05720338983050821
1985-01,pi_t,0.004024144869215096
1985-02,2020indeks,48.737864077669904
1985-02,INDHOLD,50.2
1985-02,pi^12_t,0.052410901467505155
1985-02,pi_t,0.006012024048096309
1985-03,2020indeks,49.12621359223301
1985-03,INDHOLD,50.6
1985-03,pi^12_t,0.05857740585774063
1985-03,pi_t,0.007968127490039834
1985-04,2020indeks,49.32038834951456
1985-04,INDHOLD,50.8
1985-04,pi^12_t,0.058333333333333126
1985-04,pi_t,0.0039525691699604515
1985-05,2020indeks,49.61165048543689
1985-05,INDHOLD,51.1
1985-05,pi^12_t,0.053608247422680444
1985-05,pi_t,0.0059055118110236116
1985-06,2020indeks,49.61165048543689
1985-06,INDHOLD,51.1
1985-06,pi^12_t,0.049281314168377666
1985-06,pi_t,0.0
1985-07,2020indeks,49.41747572815534
1985-07,INDHOLD,50.9
1985-07,pi^12_t,0.047325102880658276
1985-07,pi_t,-0.003913894324853229
1985-08,2020indeks,49.32038834951456
1985-08,INDHOLD,50.8
1985-08,pi^12_t,0.040983606557376984
1985-08,pi_t,-0.0019646365422397727
1985-09,2020indeks,49.61165048543689
1985-09,INDHOLD,51.1
1985-09,pi^12_t,0.03861788617886175
1985-09,pi_t,0.0059055118110236116
1985-10,2020indeks,49.80582524271844
1985-10,INDHOLD,51.3
1985-10,pi^12_t,0.03846153846153855
1985-10,pi_t,0.003913894324853118
1985-11,2020indeks,49.90291262135923
1985-11,INDHOLD,51.4
1985-11,pi^12_t,0.03212851405622508
1985-11,pi_t,0.0019493177387917004
1985-12,2020indeks,49.90291262135923
1985-12,INDHOLD,51.4
1985-12,pi^12_t,0.03420523138833009
1985-12,pi_t,0.0
1986-01,2020indeks,49.80582524271844
1986-01,INDHOLD,51.3
1986-01,pi^12_t,0.028056112224448926
1986-01,pi_t,-0.001945525291829009
1986-02,2020indeks,49.80582524271844
1986-02,INDHOLD,51.3
1986-02,pi^12_t,0.02191235059760932
1986-02,pi_t,0.0
1986-03,2020indeks,50.0
1986-03,INDHOLD,51.5
1986-03,pi^12_t,0.017786561264822254
1986-03,pi_t,0.003898635477582957
1986-04,2020indeks,51.262135922330096
1986-04,INDHOLD,52.8
1986-04,pi^12_t,0.03937007874015763
1986-04,pi_t,0.025242718446601975
1986-05,2020indeks,51.65048543689321
1986-05,INDHOLD,53.2
1986-05,pi^12_t,0.04109589041095907
1986-05,pi_t,0.007575757575757791
1986-06,2020indeks,51.553398058252434
1986-06,INDHOLD,53.1
1986-06,pi^12_t,0.03913894324853251
1986-06,pi_t,-0.00187969924812037
1986-07,2020indeks,51.262135922330096
1986-07,INDHOLD,52.8
1986-07,pi^12_t,0.037328094302554016
1986-07,pi_t,-0.005649717514124464
1986-08,2020indeks,51.45631067961165
1986-08,INDHOLD,53.0
1986-08,pi^12_t,0.04330708661417315
1986-08,pi_t,0.0037878787878786735
1986-09,2020indeks,51.84466019417475
1986-09,INDHOLD,53.4
1986-09,pi^12_t,0.045009784735811964
1986-09,pi_t,0.007547169811320753
1986-10,2020indeks,51.94174757281553
1986-10,INDHOLD,53.5
1986-10,pi^12_t,0.042884990253411415
1986-10,pi_t,0.0018726591760300781
1986-11,2020indeks,52.135922330097095
1986-11,INDHOLD,53.7
1986-11,pi^12_t,0.04474708171206232
1986-11,pi_t,0.0037383177570096127
1986-12,2020indeks,52.135922330097095
1986-12,INDHOLD,53.7
1986-12,pi^12_t,0.04474708171206232
1986-12,pi_t,0.0
1987-01,2020indeks,52.23300970873787
1987-01,INDHOLD,53.8
1987-01,pi^12_t,0.04873294346978585
1987-01,pi_t,0.0018621973929235924
1987-02,2020indeks,52.135922330097095
1987-02,INDHOLD,53.7
1987-02,pi^12_t,0.04678362573099437
1987-02,pi_t,-0.0018587360594795044
1987-03,2020indeks,52.62135922330098
1987-03,INDHOLD,54.2
1987-03,pi^12_t,0.05242718446601957
1987-03,pi_t,0.009310986964618184
1987-04,2020indeks,52.815533980582515
1987-04,INDHOLD,54.4
1987-04,pi^12_t,0.030303030303030054
1987-04,pi_t,0.0036900369003687317
1987-05,2020indeks,53.300970873786405
1987-05,INDHOLD,54.9
1987-05,pi^12_t,0.03195488721804485
1987-05,pi_t,0.009191176470588314
1987-06,2020indeks,53.300970873786405
1987-06,INDHOLD,54.9
1987-06,pi^12_t,0.03389830508474567
1987-06,pi_t,0.0
1987-07,2020indeks,53.300970873786405
1987-07,INDHOLD,54.9
1987-07,pi^12_t,0.03977272727272729
1987-07,pi_t,0.0
1987-08,2020indeks,53.49514563106796
1987-08,INDHOLD,55.1
1987-08,pi^12_t,0.039622641509434064
1987-08,pi_t,0.0036429872495447047
1987-09,2020indeks,53.78640776699029
1987-09,INDHOLD,55.4
1987-09,pi^12_t,0.03745318352059934
1987-09,pi_t,0.005444646098003547
1987-10,2020indeks,53.980582524271846
1987-10,INDHOLD,55.6
1987-10,pi^12_t,0.03925233644859816
1987-10,pi_t,0.0036101083032491488
1987-11,2020indeks,54.1747572815534
1987-11,INDHOLD,55.8
1987-11,pi^12_t,0.03910614525139655
1987-11,pi_t,0.003597122302158251
1987-12,2020indeks,54.1747572815534
1987-12,INDHOLD,55.8
1987-12,pi^12_t,0.03910614525139655
1987-12,pi_t,0.0
1988-01,2020indeks,54.46601941747573
1988-01,INDHOLD,56.1
1988-01,pi^12_t,0.04275092936802971
1988-01,pi_t,0.005376344086021501
1988-02,2020indeks,54.85436893203883
1988-02,INDHOLD,56.5
1988-02,pi^12_t,0.05214152700186192
1988-02,pi_t,0.007130124777183555
1988-03,2020indeks,55.0485436893204
1988-03,INDHOLD,56.7
1988-03,pi^12_t,0.046125461254612476
1988-03,pi_t,0.0035398230088496963
1988-04,2020indeks,55.242718446601934
1988-04,INDHOLD,56.9
1988-04,pi^12_t,0.045955882352941124
1988-04,pi_t,0.0035273368606698607
1988-05,2020indeks,55.72815533980583
1988-05,INDHOLD,57.4
1988-05,pi^12_t,0.04553734061930803
1988-05,pi_t,0.008787346221441394
1988-06,2020indeks,55.72815533980583
1988-06,INDHOLD,57.4
1988-06,pi^12_t,0.04553734061930803
1988-06,pi_t,0.0
1988-07,2020indeks,55.4368932038835
1988-07,INDHOLD,57.1
1988-07,pi^12_t,0.040072859744991085
1988-07,pi_t,-0.005226480836237002
1988-08,2020indeks,55.8252427184466
1988-08,INDHOLD,57.5
1988-08,pi^12_t,0.04355716878402904
1988-08,pi_t,0.007005253940455258
1988-09,2020indeks,56.21359223300971
1988-09,INDHOLD,57.9
1988-09,pi^12_t,0.045126353790613916
1988-09,pi_t,0.006956521739130528
1988-10,2020indeks,56.310679611650485
1988-10,INDHOLD,58.0
1988-10,pi^12_t,0.043165467625899234
1988-10,pi_t,0.0017271157167528806
1988-11,2020indeks,56.699029126213595
1988-11,INDHOLD,58.4
1988-11,pi^12_t,0.04659498207885315
1988-11,pi_t,0.006896551724137945
1988-12,2020indeks,56.699029126213595
1988-12,INDHOLD,58.4
1988-12,pi^12_t,0.04659498207885315
1988-12,pi_t,0.0
1989-01,2020indeks,56.89320388349515
1989-01,INDHOLD,58.6
1989-01,pi^12_t,0.04456327985739761
1989-01,pi_t,0.003424657534246478
1989-02,2020indeks,57.28155339805825
1989-02,INDHOLD,59.0
1989-02,pi^12_t,0.04424778761061954
1989-02,pi_t,0.0068259385665527805
1989-03,2020indeks,57.66990291262136
1989-03,INDHOLD,59.4
1989-03,pi^12_t,0.04761904761904745
1989-03,pi_t,0.006779661016949268
1989-04,2020indeks,58.05825242718446
1989-04,INDHOLD,59.8
1989-04,pi^12_t,0.05096660808435871
1989-04,pi_t,0.006734006734006703
1989-05,2020indeks,58.44660194174758
1989-05,INDHOLD,60.2
1989-05,pi^12_t,0.04878048780487809
1989-05,pi_t,0.006688963210702559
1989-06,2020indeks,58.252427184466015
1989-06,INDHOLD,60.0
1989-06,pi^12_t,0.04529616724738661
1989-06,pi_t,-0.0033222591362128684
1989-07,2020indeks,58.252427184466015
1989-07,INDHOLD,60.0
1989-07,pi^12_t,0.050788091068300956
1989-07,pi_t,0.0
1989-08,2020indeks,58.543689320388346
1989-08,INDHOLD,60.3
1989-08,pi^12_t,0.04869565217391303
1989-08,pi_t,0.0050000000000001155
1989-09,2020indeks,58.83495145631068
1989-09,INDHOLD,60.6
1989-09,pi^12_t,0.04663212435233155
1989-09,pi_t,0.004975124378109541
1989-10,2020indeks,59.126213592233015
1989-10,INDHOLD,60.9
1989-10,pi^12_t,0.050000000000000044
1989-10,pi_t,0.004950495049505177
1989-11,2020indeks,59.417475728155345
1989-11,INDHOLD,61.2
1989-11,pi^12_t,0.047945205479452024
1989-11,pi_t,0.0049261083743843415
1989-12,2020indeks,59.417475728155345
1989-12,INDHOLD,61.2
1989-12,pi^12_t,0.047945205479452024
1989-12,pi_t,0.0
1990-01,2020indeks,59.02912621359223
1990-01,INDHOLD,60.8
1990-01,pi^12_t,0.03754266211604085
1990-01,pi_t,-0.0065359477124184995
1990-02,2020indeks,59.22330097087378
1990-02,INDHOLD,61.0
1990-02,pi^12_t,0.03389830508474567
1990-02,pi_t,0.0032894736842103978
1990-03,2020indeks,59.417475728155345
1990-03,INDHOLD,61.2
1990-03,pi^12_t,0.030303030303030276
1990-03,pi_t,0.003278688524590345
1990-04,2020indeks,59.417475728155345
1990-04,INDHOLD,61.2
1990-04,pi^12_t,0.0234113712374584
1990-04,pi_t,0.0
1990-05,2020indeks,59.80582524271845
1990-05,INDHOLD,61.6
1990-05,pi^12_t,0.02325581395348819
1990-05,pi_t,0.006535947712418277
1990-06,2020indeks,59.70873786407766
1990-06,INDHOLD,61.5
1990-06,pi^12_t,0.02499999999999991
1990-06,pi_t,-0.0016233766233767488
1990-07,2020indeks,59.51456310679612
1990-07,INDHOLD,61.3
1990-07,pi^12_t,0.021666666666666723
1990-07,pi_t,-0.003252032520325021
1990-08,2020indeks,60.09708737864078
1990-08,INDHOLD,61.9
1990-08,pi^12_t,0.026533996683250516
1990-08,pi_t,0.00978792822185981
1990-09,2020indeks,60.58252427184466
1990-09,INDHOLD,62.4
1990-09,pi^12_t,0.02970297029702973
1990-09,pi_t,0.008077544426494221
1990-10,2020indeks,60.77669902912621
1990-10,INDHOLD,62.6
1990-10,pi^12_t,0.027914614121510528
1990-10,pi_t,0.0032051282051281937
1990-11,2020indeks,60.679611650485434
1990-11,INDHOLD,62.5
1990-11,pi^12_t,0.0212418300653594
1990-11,pi_t,-0.0015974440894569453
1990-12,2020indeks,60.48543689320388
1990-12,INDHOLD,62.3
1990-12,pi^12_t,0.017973856209150263
1990-12,pi_t,-0.0031999999999999806
1991-01,2020indeks,60.48543689320388
1991-01,INDHOLD,62.3
1991-01,pi^12_t,0.024671052631578982
1991-01,pi_t,0.0
1991-02,2020indeks,60.679611650485434
1991-02,INDHOLD,62.5
1991-02,pi^12_t,0.024590163934426368
1991-02,pi_t,0.0032102728731941976
1991-03,2020indeks,60.77669902912621
1991-03,INDHOLD,62.6
1991-03,pi^12_t,0.02287581699346397
1991-03,pi_t,0.0016000000000000458
1991-04,2020indeks,60.970873786407765
1991-04,INDHOLD,62.8
1991-04,pi^12_t,0.02614379084967311
1991-04,pi_t,0.0031948881789136685
1991-05,2020indeks,61.359223300970875
1991-05,INDHOLD,63.2
1991-05,pi^12_t,0.025974025974025983
1991-05,pi_t,0.006369426751592355
1991-06,2020indeks,61.45631067961165
1991-06,INDHOLD,63.3
1991-06,pi^12_t,0.029268292682926855
1991-06,pi_t,0.0015822784810126667
1991-07,2020indeks,61.262135922330096
1991-07,INDHOLD,63.1
1991-07,pi^12_t,0.029363784665578985
1991-07,pi_t,-0.003159557661927326
1991-08,2020indeks,61.359223300970875
1991-08,INDHOLD,63.2
1991-08,pi^12_t,0.02100161550888524
1991-08,pi_t,0.0015847860538826808
1991-09,2020indeks,61.74757281553398
1991-09,INDHOLD,63.6
1991-09,pi^12_t,0.019230769230769162
1991-09,pi_t,0.006329113924050667
1991-10,2020indeks,61.844660194174764
1991-10,INDHOLD,63.7
1991-10,pi^12_t,0.01757188498402562
1991-10,pi_t,0.0015723270440253234
1991-11,2020indeks,62.13592233009708
1991-11,INDHOLD,64.0
1991-11,pi^12_t,0.02400000000000002
1991-11,pi_t,0.0047095761381472645
1991-12,2020indeks,61.94174757281553
1991-12,INDHOLD,63.8
1991-12,pi^12_t,0.024077046548956593
1991-12,pi_t,-0.0031249999999999334
1992-01,2020indeks,61.844660194174764
1992-01,INDHOLD,63.7
1992-01,pi^12_t,0.022471910112359605
1992-01,pi_t,-0.0015673981191220987
1992-02,2020indeks,62.13592233009708
1992-02,INDHOLD,64.0
1992-02,pi^12_t,0.02400000000000002
1992-02,pi_t,0.0047095761381472645
1992-03,2020indeks,62.33009708737865
1992-03,INDHOLD,64.2
1992-03,pi^12_t,0.025559105431310014
1992-03,pi_t,0.0031250000000002665
1992-04,2020indeks,62.42718446601941
1992-04,INDHOLD,64.3
1992-04,pi^12_t,0.023885350318471277
1992-04,pi_t,0.0015576323987536167
1992-05,2020indeks,62.912621359223294
1992-05,INDHOLD,64.8
1992-05,pi^12_t,0.025316455696202445
1992-05,pi_t,0.007776049766718529
1992-06,2020indeks,62.912621359223294
1992-06,INDHOLD,64.8
1992-06,pi^12_t,0.023696682464454888
1992-06,pi_t,0.0
1992-07,2020indeks,62.62135922330098
1992-07,INDHOLD,64.5
1992-07,pi^12_t,0.022187004754358197
1992-07,pi_t,-0.004629629629629428
1992-08,2020indeks,62.71844660194175
1992-08,INDHOLD,64.6
1992-08,pi^12_t,0.022151898734177333
1992-08,pi_t,0.0015503875968991832
1992-09,2020indeks,62.912621359223294
1992-09,INDHOLD,64.8
1992-09,pi^12_t,0.018867924528301883
1992-09,pi_t,0.003095975232197956
1992-10,2020indeks,62.912621359223294
1992-10,INDHOLD,64.8
1992-10,pi^12_t,0.01726844583987419
1992-10,pi_t,0.0
1992-11,2020indeks,63.00970873786408
1992-11,INDHOLD,64.9
1992-11,pi^12_t,0.014062500000000089
1992-11,pi_t,0.0015432098765433278
1992-12,2020indeks,62.81553398058253
1992-12,INDHOLD,64.7
1992-12,pi^12_t,0.014106583072100554
1992-12,pi_t,-0.0030816640986132127
1993-01,2020indeks,62.71844660194175
1993-01,INDHOLD,64.6
1993-01,pi^12_t,0.014128728414442682
1993-01,pi_t,-0.0015455950540959051
1993-02,2020indeks,62.912621359223294
1993-02,INDHOLD,64.8
1993-02,pi^12_t,0.012499999999999956
1993-02,pi_t,0.003095975232197956
1993-03,2020indeks,63.00970873786408
1993-03,INDHOLD,64.9
1993-03,pi^12_t,0.010903426791277315
1993-03,pi_t,0.0015432098765433278
1993-04,2020indeks,63.10679611650486
1993-04,INDHOLD,65.0
1993-04,pi^12_t,0.010886469673406118
1993-04,pi_t,0.0015408320493066618
1993-05,2020indeks,63.49514563106796
1993-05,INDHOLD,65.4
1993-05,pi^12_t,0.0092592592592593
1993-05,pi_t,0.006153846153846176
1993-06,2020indeks,63.49514563106796
1993-06,INDHOLD,65.4
1993-06,pi^12_t,0.0092592592592593
1993-06,pi_t,0.0
1993-07,2020indeks,63.30097087378641
1993-07,INDHOLD,65.2
1993-07,pi^12_t,0.010852713178294504
1993-07,pi_t,-0.003058103975535187
1993-08,2020indeks,63.49514563106796
1993-08,INDHOLD,65.4
1993-08,pi^12_t,0.01238390092879249
1993-08,pi_t,0.0030674846625766694
1993-09,2020indeks,63.689320388349515
1993-09,INDHOLD,65.6
1993-09,pi^12_t,0.012345679012345734
1993-09,pi_t,0.003058103975535076
1993-10,2020indeks,63.786407766990294
1993-10,INDHOLD,65.7
1993-10,pi^12_t,0.013888888888889062
1993-10,pi_t,0.0015243902439023849
1993-11,2020indeks,63.883495145631066
1993-11,INDHOLD,65.8
1993-11,pi^12_t,0.013867488443759513
1993-11,pi_t,0.0015220700152205335
1993-12,2020indeks,63.786407766990294
1993-12,INDHOLD,65.7
1993-12,pi^12_t,0.015455950540958163
1993-12,pi_t,-0.001519756838905706
1994-01,2020indeks,63.883495145631066
1994-01,INDHOLD,65.8
1994-01,pi^12_t,0.018575851393188847
1994-01,pi_t,0.0015220700152205335
1994-02,2020indeks,64.07766990291263
1994-02,INDHOLD,66.0
1994-02,pi^12_t,0.018518518518518823
1994-02,pi_t,0.003039513677811634
1994-03,2020indeks,64.1747572815534
1994-03,INDHOLD,66.1
1994-03,pi^12_t,0.018489984591679498
1994-03,pi_t,0.0015151515151512474
1994-04,2020indeks,64.36893203883494
1994-04,INDHOLD,66.3
1994-04,pi^12_t,0.019999999999999796
1994-04,pi_t,0.0030257186081692478
1994-05,2020indeks,64.66019417475728
1994-05,INDHOLD,66.6
1994-05,pi^12_t,0.0183486238532109
1994-05,pi_t,0.00452488687782826
1994-06,2020indeks,64.75728155339806
1994-06,INDHOLD,66.7
1994-06,pi^12_t,0.01987767584097866
1994-06,pi_t,0.0015015015015016342
1994-07,2020indeks,64.66019417475728
1994-07,INDHOLD,66.6
1994-07,pi^12_t,0.021472392638036686
1994-07,pi_t,-0.0014992503748126884
1994-08,2020indeks,64.85436893203882
1994-08,INDHOLD,66.8
1994-08,pi^12_t,0.021406727828745975
1994-08,pi_t,0.0030030030030028243
1994-09,2020indeks,64.95145631067962
1994-09,INDHOLD,66.9
1994-09,pi^12_t,0.01981707317073189
1994-09,pi_t,0.0014970059880241582
1994-10,2020indeks,65.0485436893204
1994-10,INDHOLD,67.0
1994-10,pi^12_t,0.019786910197869156
1994-10,pi_t,0.001494768310911887
1994-11,2020indeks,65.24271844660194
1994-11,INDHOLD,67.2
1994-11,pi^12_t,0.02127659574468077
1994-11,pi_t,0.0029850746268655914
1994-12,2020indeks,65.24271844660194
1994-12,INDHOLD,67.2
1994-12,pi^12_t,0.022831050228310446
1994-12,pi_t,0.0
1995-01,2020indeks,65.24271844660194
1995-01,INDHOLD,67.2
1995-01,pi^12_t,0.02127659574468077
1995-01,pi_t,0.0
1995-02,2020indeks,65.53398058252428
1995-02,INDHOLD,67.5
1995-02,pi^12_t,0.022727272727272707
1995-02,pi_t,0.0044642857142858094
1995-03,2020indeks,65.72815533980582
1995-03,INDHOLD,67.7
1995-03,pi^12_t,0.024205748865355536
1995-03,pi_t,0.002962962962962834
1995-04,2020indeks,65.92233009708738
1995-04,INDHOLD,67.9
1995-04,pi^12_t,0.024132730015083093
1995-04,pi_t,0.002954209748892156
1995-05,2020indeks,66.2135922330097
1995-05,INDHOLD,68.2
1995-05,pi^12_t,0.024024024024023927
1995-05,pi_t,0.004418262150220897
1995-06,2020indeks,66.11650485436893
1995-06,INDHOLD,68.1
1995-06,pi^12_t,0.020989505247376306
1995-06,pi_t,-0.0014662756598240456
1995-07,2020indeks,65.8252427184466
1995-07,INDHOLD,67.8
1995-07,pi^12_t,0.018018018018018056
1995-07,pi_t,-0.004405286343612258
1995-08,2020indeks,65.92233009708738
1995-08,INDHOLD,67.9
1995-08,pi^12_t,0.01646706586826374
1995-08,pi_t,0.001474926253687281
1995-09,2020indeks,66.31067961165049
1995-09,INDHOLD,68.3
1995-09,pi^12_t,0.020926756352765308
1995-09,pi_t,0.00589101620029453
1995-10,2020indeks,66.31067961165049
1995-10,INDHOLD,68.3
1995-10,pi^12_t,0.019402985074626677
1995-10,pi_t,0.0
1995-11,2020indeks,66.50485436893204
1995-11,INDHOLD,68.5
1995-11,pi^12_t,0.019345238095238138
1995-11,pi_t,0.002928257686676483
1995-12,2020indeks,66.40776699029128
1995-12,INDHOLD,68.4
1995-12,pi^12_t,0.017857142857143016
1995-12,pi_t,-0.0014598540145983607
1996-01,2020indeks,66.40776699029128
1996-01,INDHOLD,68.4
1996-01,pi^12_t,0.017857142857143016
1996-01,pi_t,0.0
1996-02,2020indeks,66.69902912621359
1996-02,INDHOLD,68.7
1996-02,pi^12_t,0.01777777777777767
1996-02,pi_t,0.004385964912280382
1996-03,2020indeks,67.08737864077669
1996-03,INDHOLD,69.1
1996-03,pi^12_t,0.02067946824224509
1996-03,pi_t,0.005822416302765587
1996-04,2020indeks,67.28155339805825
1996-04,INDHOLD,69.3
1996-04,pi^12_t,0.020618556701030855
1996-04,pi_t,0.0028943560057888007
1996-05,2020indeks,67.47572815533981
1996-05,INDHOLD,69.5
1996-05,pi^12_t,0.019061583577712593
1996-05,pi_t,0.0028860028860029363
1996-06,2020indeks,67.47572815533981
1996-06,INDHOLD,69.5
1996-06,pi^12_t,0.020558002936857722
1996-06,pi_t,0.0
1996-07,2020indeks,67.37864077669904
1996-07,INDHOLD,69.4
1996-07,pi^12_t,0.02359882005899716
1996-07,pi_t,-0.0014388489208631006
1996-08,2020indeks,67.47572815533981
1996-08,INDHOLD,69.5
1996-08,pi^12_t,0.02356406480117812
1996-08,pi_t,0.0014409221902016434
1996-09,2020indeks,67.86407766990293
1996-09,INDHOLD,69.9
1996-09,pi^12_t,0.023426061493411643
1996-09,pi_t,0.0057553956834532904
1996-10,2020indeks,67.96116504854369
1996-10,INDHOLD,70.0
1996-10,pi^12_t,0.024890190336749773
1996-10,pi_t,0.0014306151645204768
1996-11,2020indeks,68.05825242718446
1996-11,INDHOLD,70.1
1996-11,pi^12_t,0.023357664233576436
1996-11,pi_t,0.0014285714285713347
1996-12,2020indeks,67.96116504854369
1996-12,INDHOLD,70.0
1996-12,pi^12_t,0.023391812865496853
1996-12,pi_t,-0.0014265335235376098
1997-01,2020indeks,68.15533980582525
1997-01,INDHOLD,70.2
1997-01,pi^12_t,0.02631578947368407
1997-01,pi_t,0.0028571428571428914
1997-02,2020indeks,68.15533980582525
1997-02,INDHOLD,70.2
1997-02,pi^12_t,0.02183406113537134
1997-02,pi_t,0.0
1997-03,2020indeks,68.15533980582525
1997-03,INDHOLD,70.2
1997-03,pi^12_t,0.015918958031838182
1997-03,pi_t,0.0
1997-04,2020indeks,68.44660194174757
1997-04,INDHOLD,70.5
1997-04,pi^12_t,0.017316017316017396
1997-04,pi_t,0.004273504273504258
1997-05,2020indeks,68.93203883495146
1997-05,INDHOLD,71.0
1997-05,pi^12_t,0.021582733812949506
1997-05,pi_t,0.007092198581560183
1997-06,2020indeks,69.02912621359224
1997-06,INDHOLD,71.1
1997-06,pi^12_t,0.02302158273381294
1997-06,pi_t,0.0014084507042253502
1997-07,2020indeks,68.93203883495146
1997-07,INDHOLD,71.0
1997-07,pi^12_t,0.023054755043227404
1997-07,pi_t,-0.0014064697609001975
1997-08,2020indeks,69.22330097087378
1997-08,INDHOLD,71.3
1997-08,pi^12_t,0.025899280575539363
1997-08,pi_t,0.004225352112676051
1997-09,2020indeks,69.41747572815534
1997-09,INDHOLD,71.5
1997-09,pi^12_t,0.022889842632331625
1997-09,pi_t,0.0028050490883591017
1997-10,2020indeks,69.41747572815534
1997-10,INDHOLD,71.5
1997-10,pi^12_t,0.021428571428571352
1997-10,pi_t,0.0
1997-11,2020indeks,69.51456310679612
1997-11,INDHOLD,71.6
1997-11,pi^12_t,0.021398002853067144
1997-11,pi_t,0.0013986013986013734
1997-12,2020indeks,69.41747572815534
1997-12,INDHOLD,71.5
1997-12,pi^12_t,0.021428571428571352
1997-12,pi_t,-0.0013966480446927498
1998-01,2020indeks,69.32038834951457
1998-01,INDHOLD,71.4
1998-01,pi^12_t,0.017094017094017033
1998-01,pi_t,-0.0013986013986012624
1998-02,2020indeks,69.6116504854369
1998-02,INDHOLD,71.7
1998-02,pi^12_t,0.02136752136752129
1998-02,pi_t,0.004201680672268893
1998-03,2020indeks,69.80582524271846
1998-03,INDHOLD,71.9
1998-03,pi^12_t,0.024216524216524205
1998-03,pi_t,0.002789400278940146
1998-04,2020indeks,69.90291262135922
1998-04,INDHOLD,72.0
1998-04,pi^12_t,0.02127659574468077
1998-04,pi_t,0.0013908205841444143
1998-05,2020indeks,70.29126213592234
1998-05,INDHOLD,72.4
1998-05,pi^12_t,0.019718309859155125
1998-05,pi_t,0.005555555555555758
1998-06,2020indeks,70.29126213592234
1998-06,INDHOLD,72.4
1998-06,pi^12_t,0.0182841068917019
1998-06,pi_t,0.0
1998-07,2020indeks,70.09708737864078
1998-07,INDHOLD,72.2
1998-07,pi^12_t,0.016901408450704203
1998-07,pi_t,-0.002762430939226568
1998-08,2020indeks,70.19417475728154
1998-08,INDHOLD,72.3
1998-08,pi^12_t,0.014025245441795287
1998-08,pi_t,0.0013850415512464131
1998-09,2020indeks,70.48543689320388
1998-09,INDHOLD,72.6
1998-09,pi^12_t,0.01538461538461533
1998-09,pi_t,0.004149377593361203
1998-10,2020indeks,70.58252427184466
1998-10,INDHOLD,72.7
1998-10,pi^12_t,0.016783216783216925
1998-10,pi_t,0.0013774104683195176
1998-11,2020indeks,70.67961165048543
1998-11,INDHOLD,72.8
1998-11,pi^12_t,0.016759776536312776
1998-11,pi_t,0.0013755158184316496
1998-12,2020indeks,70.58252427184466
1998-12,INDHOLD,72.7
1998-12,pi^12_t,0.016783216783216925
1998-12,pi_t,-0.0013736263736262577
1999-01,2020indeks,70.48543689320388
1999-01,INDHOLD,72.6
1999-01,pi^12_t,0.01680672268907557
1999-01,pi_t,-0.0013755158184319827
1999-02,2020indeks,71.06796116504854
1999-02,INDHOLD,73.2
1999-02,pi^12_t,0.02092050209205021
1999-02,pi_t,0.008264462809917328
1999-03,2020indeks,71.35922330097088
1999-03,INDHOLD,73.5
1999-03,pi^12_t,0.022253129346314404
1999-03,pi_t,0.004098360655737876
1999-04,2020indeks,71.55339805825243
1999-04,INDHOLD,73.7
1999-04,pi^12_t,0.02361111111111125
1999-04,pi_t,0.0027210884353741083
1999-05,2020indeks,71.74757281553399
1999-05,INDHOLD,73.9
1999-05,pi^12_t,0.02071823204419876
1999-05,pi_t,0.0027137042062415073
1999-06,2020indeks,71.94174757281553
1999-06,INDHOLD,74.1
1999-06,pi^12_t,0.023480662983425216
1999-06,pi_t,0.0027063599458727605
1999-07,2020indeks,71.74757281553399
1999-07,INDHOLD,73.9
1999-07,pi^12_t,0.023545706371191244
1999-07,pi_t,-0.0026990553306341925
1999-08,2020indeks,72.13592233009707
1999-08,INDHOLD,74.3
1999-08,pi^12_t,0.027662517289073207
1999-08,pi_t,0.005412719891745299
1999-09,2020indeks,72.52427184466019
1999-09,INDHOLD,74.7
1999-09,pi^12_t,0.02892561983471076
1999-09,pi_t,0.0053835800807537915
1999-10,2020indeks,72.62135922330096
1999-10,INDHOLD,74.8
1999-10,pi^12_t,0.02888583218706997
1999-10,pi_t,0.001338688085675832
1999-11,2020indeks,72.71844660194175
1999-11,INDHOLD,74.9
1999-11,pi^12_t,0.028846153846153966
1999-11,pi_t,0.0013368983957222635
1999-12,2020indeks,72.81553398058253
1999-12,INDHOLD,75.0
1999-12,pi^12_t,0.031636863823933936
1999-12,pi_t,0.001335113484646211
2000-01,2020indeks,72.71844660194175
2000-01,INDHOLD,74.9
2000-01,pi^12_t,0.031680440771350016
2000-01,pi_t,-0.0013333333333334085
2000-02,2020indeks,73.20388349514563
2000-02,INDHOLD,75.4
2000-02,pi^12_t,0.030054644808743092
2000-02,pi_t,0.006675567423231055
2000-03,2020indeks,73.68932038834953
2000-03,INDHOLD,75.9
2000-03,pi^12_t,0.032653061224489965
2000-03,pi_t,0.006631299734748186
2000-04,2020indeks,73.7864077669903
2000-04,INDHOLD,76.0
2000-04,pi^12_t,0.031207598371777445
2000-04,pi_t,0.0013175230566533358
2000-05,2020indeks,74.07766990291262
2000-05,INDHOLD,76.3
2000-05,pi^12_t,0.03247631935047357
2000-05,pi_t,0.003947368421052477
2000-06,2020indeks,74.27184466019418
2000-06,INDHOLD,76.5
2000-06,pi^12_t,0.03238866396761142
2000-06,pi_t,0.002621231979030192
2000-07,2020indeks,73.98058252427184
2000-07,INDHOLD,76.2
2000-07,pi^12_t,0.03112313937753708
2000-07,pi_t,-0.0039215686274510775
2000-08,2020indeks,73.88349514563106
2000-08,INDHOLD,76.1
2000-08,pi^12_t,0.024226110363391617
2000-08,pi_t,-0.001312335958005284
2000-09,2020indeks,74.46601941747572
2000-09,INDHOLD,76.7
2000-09,pi^12_t,0.02677376171352064
2000-09,pi_t,0.007884362680683266
2000-10,2020indeks,74.6601941747573
2000-10,INDHOLD,76.9
2000-10,pi^12_t,0.028074866310160873
2000-10,pi_t,0.0026075619295959918
2000-11,2020indeks,74.6601941747573
2000-11,INDHOLD,76.9
2000-11,pi^12_t,0.026702269692923997
2000-11,pi_t,0.0
2000-12,2020indeks,74.5631067961165
2000-12,INDHOLD,76.8
2000-12,pi^12_t,0.0239999999999998
2000-12,pi_t,-0.0013003901170353105
2001-01,2020indeks,74.46601941747572
2001-01,INDHOLD,76.7
2001-01,pi^12_t,0.024032042723631353
2001-01,pi_t,-0.0013020833333333703
2001-02,2020indeks,75.0485436893204
2001-02,INDHOLD,77.3
2001-02,pi^12_t,0.02519893899204262
2001-02,pi_t,0.007822685788787753
2001-03,2020indeks,75.4368932038835
2001-03,INDHOLD,77.7
2001-03,pi^12_t,0.02371541501976271
2001-03,pi_t,0.005174644243208126
2001-04,2020indeks,75.72815533980582
2001-04,INDHOLD,78.0
2001-04,pi^12_t,0.02631578947368407
2001-04,pi_t,0.0038610038610038533
2001-05,2020indeks,76.11650485436894
2001-05,INDHOLD,78.4
2001-05,pi^12_t,0.027522935779816793
2001-05,pi_t,0.005128205128205332
2001-06,2020indeks,76.01941747572816
2001-06,INDHOLD,78.3
2001-06,pi^12_t,0.02352941176470602
2001-06,pi_t,-0.0012755102040816757
2001-07,2020indeks,75.82524271844659
2001-07,INDHOLD,78.1
2001-07,pi^12_t,0.02493438320209962
2001-07,pi_t,-0.0025542784163475885
2001-08,2020indeks,75.82524271844659
2001-08,INDHOLD,78.1
2001-08,pi^12_t,0.026281208935611033
2001-08,pi_t,0.0
2001-09,2020indeks,76.11650485436894
2001-09,INDHOLD,78.4
2001-09,pi^12_t,0.02216427640156482
2001-09,pi_t,0.003841229193342066
2001-10,2020indeks,76.2135922330097
2001-10,INDHOLD,78.5
2001-10,pi^12_t,0.020806241872561637
2001-10,pi_t,0.0012755102040815647
2001-11,2020indeks,76.01941747572816
2001-11,INDHOLD,78.3
2001-11,pi^12_t,0.01820546163849146
2001-11,pi_t,-0.002547770700636831
2001-12,2020indeks,76.2135922330097
2001-12,INDHOLD,78.5
2001-12,pi^12_t,0.02213541666666674
2001-12,pi_t,0.0025542784163472554
2002-01,2020indeks,76.31067961165047
2002-01,INDHOLD,78.6
2002-01,pi^12_t,0.024771838331160367
2002-01,pi_t,0.001273885350318249
2002-02,2020indeks,76.89320388349515
2002-02,INDHOLD,79.2
2002-02,pi^12_t,0.02457956015523921
2002-02,pi_t,0.007633587786259666
2002-03,2020indeks,77.37864077669904
2002-03,INDHOLD,79.7
2002-03,pi^12_t,0.025740025740025763
2002-03,pi_t,0.0063131313131314926
2002-04,2020indeks,77.66990291262135
2002-04,INDHOLD,80.0
2002-04,pi^12_t,0.02564102564102555
2002-04,pi_t,0.0037641154328729165
2002-05,2020indeks,77.66990291262135
2002-05,INDHOLD,80.0
2002-05,pi^12_t,0.020408163265305923
2002-05,pi_t,0.0
2002-06,2020indeks,77.66990291262135
2002-06,INDHOLD,80.0
2002-06,pi^12_t,0.02171136653895256
2002-06,pi_t,0.0
2002-07,2020indeks,77.47572815533981
2002-07,INDHOLD,79.8
2002-07,pi^12_t,0.021766965428937413
2002-07,pi_t,-0.0024999999999998357
2002-08,2020indeks,77.57281553398059
2002-08,INDHOLD,79.9
2002-08,pi^12_t,0.02304737516005151
2002-08,pi_t,0.0012531328320801727
2002-09,2020indeks,77.96116504854369
2002-09,INDHOLD,80.3
2002-09,pi^12_t,0.02423469387755084
2002-09,pi_t,0.005006257822277815
2002-10,2020indeks,78.15533980582524
2002-10,INDHOLD,80.5
2002-10,pi^12_t,0.02547770700636942
2002-10,pi_t,0.002490660024906388
2002-11,2020indeks,78.15533980582524
2002-11,INDHOLD,80.5
2002-11,pi^12_t,0.02809706257982092
2002-11,pi_t,0.0
2002-12,2020indeks,78.15533980582524
2002-12,INDHOLD,80.5
2002-12,pi^12_t,0.02547770700636942
2002-12,pi_t,0.0
2003-01,2020indeks,78.25242718446601
2003-01,INDHOLD,80.6
2003-01,pi^12_t,0.025445292620865256
2003-01,pi_t,0.001242236024844745
2003-02,2020indeks,79.02912621359224
2003-02,INDHOLD,81.4
2003-02,pi^12_t,0.02777777777777768
2003-02,pi_t,0.00992555831265518
2003-03,2020indeks,79.6116504854369
2003-03,INDHOLD,82.0
2003-03,pi^12_t,0.02885821831869495
2003-03,pi_t,0.0073710073710073765
2003-04,2020indeks,79.51456310679612
2003-04,INDHOLD,81.9
2003-04,pi^12_t,0.02375000000000016
2003-04,pi_t,-0.0012195121951219523
2003-05,2020indeks,79.41747572815534
2003-05,INDHOLD,81.8
2003-05,pi^12_t,0.022499999999999964
2003-05,pi_t,-0.0012210012210012167
2003-06,2020indeks,79.41747572815534
2003-06,INDHOLD,81.8
2003-06,pi^12_t,0.022499999999999964
2003-06,pi_t,0.0
2003-07,2020indeks,78.93203883495146
2003-07,INDHOLD,81.3
2003-07,pi^12_t,0.018796992481203034
2003-07,pi_t,-0.006112469437652757
2003-08,2020indeks,78.93203883495146
2003-08,INDHOLD,81.3
2003-08,pi^12_t,0.017521902377972465
2003-08,pi_t,0.0
2003-09,2020indeks,79.41747572815534
2003-09,INDHOLD,81.8
2003-09,pi^12_t,0.018679950186799354
2003-09,pi_t,0.006150061500614923
2003-10,2020indeks,79.22330097087378
2003-10,INDHOLD,81.6
2003-10,pi^12_t,0.013664596273291973
2003-10,pi_t,-0.0024449877750611915
2003-11,2020indeks,79.41747572815534
2003-11,INDHOLD,81.8
2003-11,pi^12_t,0.016149068322981464
2003-11,pi_t,0.002450980392156854
2003-12,2020indeks,79.22330097087378
2003-12,INDHOLD,81.6
2003-12,pi^12_t,0.013664596273291973
2003-12,pi_t,-0.0024449877750611915
2004-01,2020indeks,79.22330097087378
2004-01,INDHOLD,81.6
2004-01,pi^12_t,0.012406947890818865
2004-01,pi_t,0.0
2004-02,2020indeks,79.80582524271846
2004-02,INDHOLD,82.2
2004-02,pi^12_t,0.00982800982800991
2004-02,pi_t,0.007352941176470784
2004-03,2020indeks,80.09708737864078
2004-03,INDHOLD,82.5
2004-03,pi^12_t,0.0060975609756097615
2004-03,pi_t,0.0036496350364962904
2004-04,2020indeks,80.19417475728154
2004-04,INDHOLD,82.6
2004-04,pi^12_t,0.008547008547008517
2004-04,pi_t,0.0012121212121209979
2004-05,2020indeks,80.48543689320388
2004-05,INDHOLD,82.9
2004-05,pi^12_t,0.01344743276283622
2004-05,pi_t,0.003631961259080052
2004-06,2020indeks,80.29126213592234
2004-06,INDHOLD,82.7
2004-06,pi^12_t,0.01100244498777525
2004-06,pi_t,-0.0024125452352230514
2004-07,2020indeks,80.0
2004-07,INDHOLD,82.4
2004-07,pi^12_t,0.013530135301353052
2004-07,pi_t,-0.0036275695284160303
2004-08,2020indeks,79.80582524271846
2004-08,INDHOLD,82.2
2004-08,pi^12_t,0.011070110701107083
2004-08,pi_t,-0.0024271844660193054
2004-09,2020indeks,80.29126213592234
2004-09,INDHOLD,82.7
2004-09,pi^12_t,0.01100244498777525
2004-09,pi_t,0.006082725060827299
2004-10,2020indeks,80.58252427184466
2004-10,INDHOLD,83.0
2004-10,pi^12_t,0.0171568627450982
2004-10,pi_t,0.0036275695284158083
2004-11,2020indeks,80.3883495145631
2004-11,INDHOLD,82.8
2004-11,pi^12_t,0.012224938875305513
2004-11,pi_t,-0.002409638554216942
2004-12,2020indeks,80.19417475728154
2004-12,INDHOLD,82.6
2004-12,pi^12_t,0.01225490196078427
2004-12,pi_t,-0.0024154589371980784
2005-01,2020indeks,80.0
2005-01,INDHOLD,82.4
2005-01,pi^12_t,0.009803921568627638
2005-01,pi_t,-0.002421307506053183
2005-02,2020indeks,80.77669902912622
2005-02,INDHOLD,83.2
2005-02,pi^12_t,0.012165450121654375
2005-02,pi_t,0.009708737864077666
2005-03,2020indeks,81.2621359223301
2005-03,INDHOLD,83.7
2005-03,pi^12_t,0.014545454545454639
2005-03,pi_t,0.006009615384615419
2005-04,2020indeks,81.65048543689319
2005-04,INDHOLD,84.1
2005-04,pi^12_t,0.018159806295399372
2005-04,pi_t,0.004778972520907754
2005-05,2020indeks,81.65048543689319
2005-05,INDHOLD,84.1
2005-05,pi^12_t,0.014475271411338753
2005-05,pi_t,0.0
2005-06,2020indeks,81.74757281553399
2005-06,INDHOLD,84.2
2005-06,pi^12_t,0.018137847642079707
2005-06,pi_t,0.0011890606420930094
2005-07,2020indeks,81.65048543689319
2005-07,INDHOLD,84.1
2005-07,pi^12_t,0.020631067961164984
2005-07,pi_t,-0.0011876484560572331
2005-08,2020indeks,81.65048543689319
2005-08,INDHOLD,84.1
2005-08,pi^12_t,0.023114355231143247
2005-08,pi_t,0.0
2005-09,2020indeks,82.23300970873787
2005-09,INDHOLD,84.7
2005-09,pi^12_t,0.024183796856106277
2005-09,pi_t,0.007134363852556724
2005-10,2020indeks,82.23300970873787
2005-10,INDHOLD,84.7
2005-10,pi^12_t,0.02048192771084345
2005-10,pi_t,0.0
2005-11,2020indeks,81.94174757281554
2005-11,INDHOLD,84.4
2005-11,pi^12_t,0.019323671497584627
2005-11,pi_t,-0.0035419126328216644
2005-12,2020indeks,82.03883495145631
2005-12,INDHOLD,84.5
2005-12,pi^12_t,0.023002421307506182
2005-12,pi_t,0.0011848341232225668
2006-01,2020indeks,81.74757281553399
2006-01,INDHOLD,84.2
2006-01,pi^12_t,0.02184466019417486
2006-01,pi_t,-0.0035502958579880506
2006-02,2020indeks,82.52427184466019
2006-02,INDHOLD,85.0
2006-02,pi^12_t,0.021634615384615197
2006-02,pi_t,0.009501187648455867
2006-03,2020indeks,82.81553398058253
2006-03,INDHOLD,85.3
2006-03,pi^12_t,0.019115890083631903
2006-03,pi_t,0.003529411764706003
2006-04,2020indeks,83.20388349514563
2006-04,INDHOLD,85.7
2006-04,pi^12_t,0.019024970273484154
2006-04,pi_t,0.004689331770222793
2006-05,2020indeks,83.30097087378641
2006-05,INDHOLD,85.8
2006-05,pi^12_t,0.02021403091557694
2006-05,pi_t,0.001166861143524045
2006-06,2020indeks,83.49514563106796
2006-06,INDHOLD,86.0
2006-06,pi^12_t,0.021377672209025977
2006-06,pi_t,0.002331002331002141
2006-07,2020indeks,83.30097087378641
2006-07,INDHOLD,85.8
2006-07,pi^12_t,0.02021403091557694
2006-07,pi_t,-0.0023255813953487747
2006-08,2020indeks,83.30097087378641
2006-08,INDHOLD,85.8
2006-08,pi^12_t,0.02021403091557694
2006-08,pi_t,0.0
2006-09,2020indeks,83.59223300970872
2006-09,INDHOLD,86.1
2006-09,pi^12_t,0.016528925619834434
2006-09,pi_t,0.0034965034965033226
2006-10,2020indeks,83.49514563106796
2006-10,INDHOLD,86.0
2006-10,pi^12_t,0.015348288075560657
2006-10,pi_t,-0.0011614401858303092
2006-11,2020indeks,83.39805825242719
2006-11,INDHOLD,85.9
2006-11,pi^12_t,0.017772511848341166
2006-11,pi_t,-0.0011627906976743319
2006-12,2020indeks,83.49514563106796
2006-12,INDHOLD,86.0
2006-12,pi^12_t,0.017751479289940697
2006-12,pi_t,0.0011641443538996654
2007-01,2020indeks,83.20388349514563
2007-01,INDHOLD,85.7
2007-01,pi^12_t,0.017814726840855055
2007-01,pi_t,-0.0034883720930232176
2007-02,2020indeks,84.07766990291262
2007-02,INDHOLD,86.6
2007-02,pi^12_t,0.018823529411764683
2007-02,pi_t,0.010501750291715295
2007-03,2020indeks,84.46601941747572
2007-03,INDHOLD,87.0
2007-03,pi^12_t,0.019929660023446427
2007-03,pi_t,0.004618937644341736
2007-04,2020indeks,84.5631067961165
2007-04,INDHOLD,87.1
2007-04,pi^12_t,0.016336056009334854
2007-04,pi_t,0.0011494252873562871
2007-05,2020indeks,84.75728155339806
2007-05,INDHOLD,87.3
2007-05,pi^12_t,0.0174825174825175
2007-05,pi_t,0.0022962112514350874
2007-06,2020indeks,84.66019417475728
2007-06,INDHOLD,87.2
2007-06,pi^12_t,0.013953488372093092
2007-06,pi_t,-0.001145475372279492
2007-07,2020indeks,84.27184466019418
2007-07,INDHOLD,86.8
2007-07,pi^12_t,0.011655011655011593
2007-07,pi_t,-0.004587155963302725
2007-08,2020indeks,84.07766990291262
2007-08,INDHOLD,86.6
2007-08,pi^12_t,0.00932400932400923
2007-08,pi_t,-0.0023041474654378336
2007-09,2020indeks,84.66019417475728
2007-09,INDHOLD,87.2
2007-09,pi^12_t,0.012775842044134844
2007-09,pi_t,0.006928406466512715
2007-10,2020indeks,84.9514563106796
2007-10,INDHOLD,87.5
2007-10,pi^12_t,0.01744186046511631
2007-10,pi_t,0.0034403669724769603
2007-11,2020indeks,85.43689320388349
2007-11,INDHOLD,88.0
2007-11,pi^12_t,0.024447031431897415
2007-11,pi_t,0.005714285714285783
2007-12,2020indeks,85.43689320388349
2007-12,INDHOLD,88.0
2007-12,pi^12_t,0.023255813953488413
2007-12,pi_t,0.0
2008-01,2020indeks,85.63106796116506
2008-01,INDHOLD,88.2
2008-01,pi^12_t,0.029171528588098017
2008-01,pi_t,0.002272727272727426
2008-02,2020indeks,86.69902912621359
2008-02,INDHOLD,89.3
2008-02,pi^12_t,0.03117782909930722
2008-02,pi_t,0.012471655328798015
2008-03,2020indeks,87.0873786407767
2008-03,INDHOLD,89.7
2008-03,pi^12_t,0.031034482758620863
2008-03,pi_t,0.004479283314669846
2008-04,2020indeks,87.37864077669903
2008-04,INDHOLD,90.0
2008-04,pi^12_t,0.033295063145809545
2008-04,pi_t,0.0033444816053511683
2008-05,2020indeks,87.66990291262135
2008-05,INDHOLD,90.3
2008-05,pi^12_t,0.03436426116838476
2008-05,pi_t,0.0033333333333331883
2008-06,2020indeks,87.86407766990291
2008-06,INDHOLD,90.5
2008-06,pi^12_t,0.037844036697247674
2008-06,pi_t,0.0022148394241419123
2008-07,2020indeks,87.66990291262135
2008-07,INDHOLD,90.3
2008-07,pi^12_t,0.040322580645161255
2008-07,pi_t,-0.0022099447513812542
2008-08,2020indeks,87.76699029126213
2008-08,INDHOLD,90.4
2008-08,pi^12_t,0.04387990762124705
2008-08,pi_t,0.001107419712070845
2008-09,2020indeks,88.15533980582524
2008-09,INDHOLD,90.8
2008-09,pi^12_t,0.041284403669724634
2008-09,pi_t,0.004424778761061843
2008-10,2020indeks,88.05825242718447
2008-10,INDHOLD,90.7
2008-10,pi^12_t,0.0365714285714287
2008-10,pi_t,-0.0011013215859029257
2008-11,2020indeks,87.76699029126213
2008-11,INDHOLD,90.4
2008-11,pi^12_t,0.027272727272727337
2008-11,pi_t,-0.003307607497243792
2008-12,2020indeks,87.47572815533981
2008-12,INDHOLD,90.1
2008-12,pi^12_t,0.02386363636363642
2008-12,pi_t,-0.0033185840707964376
2009-01,2020indeks,87.18446601941747
2009-01,INDHOLD,89.8
2009-01,pi^12_t,0.01814058956916087
2009-01,pi_t,-0.0033296337402886067
2009-02,2020indeks,88.25242718446601
2009-02,INDHOLD,90.9
2009-02,pi^12_t,0.017917133258678497
2009-02,pi_t,0.012249443207126953
2009-03,2020indeks,88.54368932038835
2009-03,INDHOLD,91.2
2009-03,pi^12_t,0.01672240802675584
2009-03,pi_t,0.0033003300330034513
2009-04,2020indeks,88.44660194174757
2009-04,INDHOLD,91.1
2009-04,pi^12_t,0.012222222222222134
2009-04,pi_t,-0.0010964912280702066
2009-05,2020indeks,88.7378640776699
2009-05,INDHOLD,91.4
2009-05,pi^12_t,0.012181616832779518
2009-05,pi_t,0.003293084522502765
2009-06,2020indeks,88.93203883495146
2009-06,INDHOLD,91.6
2009-06,pi^12_t,0.012154696132596676
2009-06,pi_t,0.002188183807439792
2009-07,2020indeks,88.54368932038835
2009-07,INDHOLD,91.2
2009-07,pi^12_t,0.00996677740863805
2009-07,pi_t,-0.004366812227074246
2009-08,2020indeks,88.7378640776699
2009-08,INDHOLD,91.4
2009-08,pi^12_t,0.01106194690265494
2009-08,pi_t,0.002192982456140191
2009-09,2020indeks,88.93203883495146
2009-09,INDHOLD,91.6
2009-09,pi^12_t,0.008810572687224738
2009-09,pi_t,0.002188183807439792
2009-10,2020indeks,88.93203883495146
2009-10,INDHOLD,91.6
2009-10,pi^12_t,0.009922822491730932
2009-10,pi_t,0.0
2009-11,2020indeks,88.93203883495146
2009-11,INDHOLD,91.6
2009-11,pi^12_t,0.013274336283185972
2009-11,pi_t,0.0
2009-12,2020indeks,88.7378640776699
2009-12,INDHOLD,91.4
2009-12,pi^12_t,0.01442841287458374
2009-12,pi_t,-0.0021834061135371785
2010-01,2020indeks,88.93203883495146
2010-01,INDHOLD,91.6
2010-01,pi^12_t,0.020044543429844186
2010-01,pi_t,0.002188183807439792
2010-02,2020indeks,90.0
2010-02,INDHOLD,92.7
2010-02,pi^12_t,0.01980198019801982
2010-02,pi_t,0.012008733624454093
2010-03,2020indeks,90.58252427184466
2010-03,INDHOLD,93.3
2010-03,pi^12_t,0.023026315789473673
2010-03,pi_t,0.006472491909385036
2010-04,2020indeks,90.67961165048544
2010-04,INDHOLD,93.4
2010-04,pi^12_t,0.02524698133918779
2010-04,pi_t,0.001071811361200492
2010-05,2020indeks,90.67961165048544
2010-05,INDHOLD,93.4
2010-05,pi^12_t,0.021881838074398363
2010-05,pi_t,0.0
2010-06,2020indeks,90.58252427184466
2010-06,INDHOLD,93.3
2010-06,pi^12_t,0.018558951965065518
2010-06,pi_t,-0.0010706638115631772
2010-07,2020indeks,90.48543689320388
2010-07,INDHOLD,93.2
2010-07,pi^12_t,0.021929824561403466
2010-07,pi_t,-0.001071811361200492
2010-08,2020indeks,90.87378640776699
2010-08,INDHOLD,93.6
2010-08,pi^12_t,0.024070021881838155
2010-08,pi_t,0.0042918454935620964
2010-09,2020indeks,91.16504854368934
2010-09,INDHOLD,93.9
2010-09,pi^12_t,0.025109170305677164
2010-09,pi_t,0.003205128205128416
2010-10,2020indeks,91.06796116504854
2010-10,INDHOLD,93.8
2010-10,pi^12_t,0.02401746724890841
2010-10,pi_t,-0.0010649627263047412
2010-11,2020indeks,91.16504854368934
2010-11,INDHOLD,93.9
2010-11,pi^12_t,0.025109170305677164
2010-11,pi_t,0.0010660980810235365
2010-12,2020indeks,91.2621359223301
2010-12,INDHOLD,94.0
2010-12,pi^12_t,0.02844638949671796
2010-12,pi_t,0.0010649627263044081
2011-01,2020indeks,91.35922330097087
2011-01,INDHOLD,94.1
2011-01,pi^12_t,0.02729257641921401
2011-01,pi_t,0.0010638297872338498
2011-02,2020indeks,92.42718446601941
2011-02,INDHOLD,95.2
2011-02,pi^12_t,0.026968716289104577
2011-02,pi_t,0.011689691817215797
2011-03,2020indeks,93.00970873786407
2011-03,INDHOLD,95.8
2011-03,pi^12_t,0.026795284030010746
2011-03,pi_t,0.006302521008403339
2011-04,2020indeks,93.39805825242719
2011-04,INDHOLD,96.2
2011-04,pi^12_t,0.02997858672376874
2011-04,pi_t,0.00417536534446783
2011-05,2020indeks,93.49514563106796
2011-05,INDHOLD,96.3
2011-05,pi^12_t,0.031049250535331696
2011-05,pi_t,0.0010395010395010118
2011-06,2020indeks,93.3009708737864
2011-06,INDHOLD,96.1
2011-06,pi^12_t,0.03001071811361178
2011-06,pi_t,-0.0020768431983385627
2011-07,2020indeks,93.20388349514563
2011-07,INDHOLD,96.0
2011-07,pi^12_t,0.030042918454935563
2011-07,pi_t,-0.0010405827263265666
2011-08,2020indeks,93.20388349514563
2011-08,INDHOLD,96.0
2011-08,pi^12_t,0.025641025641025772
2011-08,pi_t,0.0
2011-09,2020indeks,93.49514563106796
2011-09,INDHOLD,96.3
2011-09,pi^12_t,0.02555910543130957
2011-09,pi_t,0.0031249999999998224
2011-10,2020indeks,93.59223300970875
2011-10,INDHOLD,96.4
2011-10,pi^12_t,0.02771855010660995
2011-10,pi_t,0.0010384215991694479
2011-11,2020indeks,93.49514563106796
2011-11,INDHOLD,96.3
2011-11,pi^12_t,0.02555910543130957
2011-11,pi_t,-0.0010373443983404673
2011-12,2020indeks,93.49514563106796
2011-12,INDHOLD,96.3
2011-12,pi^12_t,0.024468085106382764
2011-12,pi_t,0.0
2012-01,2020indeks,93.88349514563107
2012-01,INDHOLD,96.7
2012-01,pi^12_t,0.027630180658873682
2012-01,pi_t,0.004153686396677125
2012-02,2020indeks,94.9514563106796
2012-02,INDHOLD,97.8
2012-02,pi^12_t,0.027310924369747802
2012-02,pi_t,0.011375387797311065
2012-03,2020indeks,95.43689320388349
2012-03,INDHOLD,98.3
2012-03,pi^12_t,0.02609603340292277
2012-03,pi_t,0.005112474437627856
2012-04,2020indeks,95.43689320388349
2012-04,INDHOLD,98.3
2012-04,pi^12_t,0.021829521829521692
2012-04,pi_t,0.0
2012-05,2020indeks,95.53398058252428
2012-05,INDHOLD,98.4
2012-05,pi^12_t,0.02180685358255463
2012-05,pi_t,0.0010172939979655737
2012-06,2020indeks,95.33980582524272
2012-06,INDHOLD,98.2
2012-06,pi^12_t,0.021852237252861784
2012-06,pi_t,-0.002032520325203291
2012-07,2020indeks,95.33980582524272
2012-07,INDHOLD,98.2
2012-07,pi^12_t,0.022916666666666696
2012-07,pi_t,0.0
2012-08,2020indeks,95.63106796116504
2012-08,INDHOLD,98.5
2012-08,pi^12_t,0.02604166666666652
2012-08,pi_t,0.003054989816700493
2012-09,2020indeks,95.8252427184466
2012-09,INDHOLD,98.7
2012-09,pi^12_t,0.024922118380062308
2012-09,pi_t,0.0020304568527920175
2012-10,2020indeks,95.8252427184466
2012-10,INDHOLD,98.7
2012-10,pi^12_t,0.02385892116182564
2012-10,pi_t,0.0
2012-11,2020indeks,95.63106796116504
2012-11,INDHOLD,98.5
2012-11,pi^12_t,0.022845275181723856
2012-11,pi_t,-0.0020263424518743856
2012-12,2020indeks,95.43689320388349
2012-12,INDHOLD,98.3
2012-12,pi^12_t,0.020768431983385183
2012-12,pi_t,-0.0020304568527919065
2013-01,2020indeks,95.0485436893204
2013-01,INDHOLD,97.9
2013-01,pi^12_t,0.012409513960703222
2013-01,pi_t,-0.004069175991861407
2013-02,2020indeks,96.11650485436894
2013-02,INDHOLD,99.0
2013-02,pi^12_t,0.0122699386503069
2013-02,pi_t,0.011235955056179803
2013-03,2020indeks,96.40776699029125
2013-03,INDHOLD,99.3
2013-03,pi^12_t,0.010172939979654183
2013-03,pi_t,0.0030303030303027167
2013-04,2020indeks,96.2135922330097
2013-04,INDHOLD,99.1
2013-04,pi^12_t,0.008138351983723258
2013-04,pi_t,-0.002014098690835797
2013-05,2020indeks,96.31067961165049
2013-05,INDHOLD,99.2
2013-05,pi^12_t,0.008130081300812941
2013-05,pi_t,0.0010090817356205317
2013-06,2020indeks,96.2135922330097
2013-06,INDHOLD,99.1
2013-06,pi^12_t,0.009164969450101701
2013-06,pi_t,-0.0010080645161291146
2013-07,2020indeks,95.92233009708737
2013-07,INDHOLD,98.8
2013-07,pi^12_t,0.006109979633400986
2013-07,pi_t,-0.003027245206861817
2013-08,2020indeks,96.01941747572816
2013-08,INDHOLD,98.9
2013-08,pi^12_t,0.004060913705583813
2013-08,pi_t,0.0010121457489880026
2013-09,2020indeks,96.31067961165049
2013-09,INDHOLD,99.2
2013-09,pi^12_t,0.005065856129685908
2013-09,pi_t,0.0030333670374114163
2013-10,2020indeks,96.40776699029125
2013-10,INDHOLD,99.3
2013-10,pi^12_t,0.006079027355623046
2013-10,pi_t,0.0010080645161290036
2013-11,2020indeks,96.2135922330097
2013-11,INDHOLD,99.1
2013-11,pi^12_t,0.006091370558375608
2013-11,pi_t,-0.002014098690835797
2013-12,2020indeks,96.11650485436894
2013-12,INDHOLD,99.0
2013-12,pi^12_t,0.007121057985758128
2013-12,pi_t,-0.0010090817356204207
2014-01,2020indeks,96.01941747572816
2014-01,INDHOLD,98.9
2014-01,pi^12_t,0.010214504596526952
2014-01,pi_t,-0.0010101010101010166
2014-02,2020indeks,96.60194174757282
2014-02,INDHOLD,99.5
2014-02,pi^12_t,0.005050505050504972
2014-02,pi_t,0.006066734074823055
2014-03,2020indeks,96.69902912621359
2014-03,INDHOLD,99.6
2014-03,pi^12_t,0.0030211480362538623
2014-03,pi_t,0.0010050251256279452
2014-04,2020indeks,96.89320388349513
2014-04,INDHOLD,99.8
2014-04,pi^12_t,0.007063572149343944
2014-04,pi_t,0.002008032128513859
2014-05,2020indeks,96.79611650485437
2014-05,INDHOLD,99.7
2014-05,pi^12_t,0.00504032258064524
2014-05,pi_t,-0.0010020040080158665
2014-06,2020indeks,96.79611650485437
2014-06,INDHOLD,99.7
2014-06,pi^12_t,0.006054490413723634
2014-06,pi_t,0.0
2014-07,2020indeks,96.60194174757282
2014-07,INDHOLD,99.5
2014-07,pi^12_t,0.00708502024291513
2014-07,pi_t,-0.0020060180541623396
2014-08,2020indeks,96.50485436893204
2014-08,INDHOLD,99.4
2014-08,pi^12_t,0.005055611729019249
2014-08,pi_t,-0.0010050251256281673
2014-09,2020indeks,96.79611650485437
2014-09,INDHOLD,99.7
2014-09,pi^12_t,0.00504032258064524
2014-09,pi_t,0.003018108651911433
2014-10,2020indeks,96.89320388349513
2014-10,INDHOLD,99.8
2014-10,pi^12_t,0.0050352467270895485
2014-10,pi_t,0.0010030090270811698
2014-11,2020indeks,96.69902912621359
2014-11,INDHOLD,99.6
2014-11,pi^12_t,0.005045408678102881
2014-11,pi_t,-0.002004008016031955
2014-12,2020indeks,96.50485436893204
2014-12,INDHOLD,99.4
2014-12,pi^12_t,0.004040404040404066
2014-12,pi_t,-0.00200803212851397
2015-01,2020indeks,95.92233009708737
2015-01,INDHOLD,98.8
2015-01,pi^12_t,-0.0010111223458040275
2015-01,pi_t,-0.006036217303823088
2015-02,2020indeks,96.89320388349513
2015-02,INDHOLD,99.8
2015-02,pi^12_t,0.0030150753768842797
2015-02,pi_t,0.010121457489878471
2015-03,2020indeks,97.28155339805825
2015-03,INDHOLD,100.2
2015-03,pi^12_t,0.006024096385542244
2015-03,pi_t,0.004008016032064132
2015-04,2020indeks,97.37864077669902
2015-04,INDHOLD,100.3
2015-04,pi^12_t,0.005010020040080221
2015-04,pi_t,0.0009980039920158834
2015-05,2020indeks,97.47572815533981
2015-05,INDHOLD,100.4
2015-05,pi^12_t,0.007021063189568855
2015-05,pi_t,0.0009970089730808596
2015-06,2020indeks,97.37864077669902
2015-06,INDHOLD,100.3
2015-06,pi^12_t,0.006018054162487241
2015-06,pi_t,-0.0009960159362552012
2015-07,2020indeks,97.28155339805825
2015-07,INDHOLD,100.2
2015-07,pi^12_t,0.007035175879396949
2015-07,pi_t,-0.0009970089730806375
2015-08,2020indeks,97.0873786407767
2015-08,INDHOLD,100.0
2015-08,pi^12_t,0.006036217303822866
2015-08,pi_t,-0.001996007984031878
2015-09,2020indeks,97.28155339805825
2015-09,INDHOLD,100.2
2015-09,pi^12_t,0.005015045135406293
2015-09,pi_t,0.0020000000000000018
2015-10,2020indeks,97.18446601941747
2015-10,INDHOLD,100.1
2015-10,pi^12_t,0.0030060120240482657
2015-10,pi_t,-0.0009980039920159944
2015-11,2020indeks,96.99029126213593
2015-11,INDHOLD,99.9
2015-11,pi^12_t,0.003012048192771122
2015-11,pi_t,-0.0019980019980019303
2015-12,2020indeks,96.89320388349513
2015-12,INDHOLD,99.8
2015-12,pi^12_t,0.004024144869215096
2015-12,pi_t,-0.0010010010010012005
2016-01,2020indeks,96.50485436893204
2016-01,INDHOLD,99.4
2016-01,pi^12_t,0.006072874493927349
2016-01,pi_t,-0.00400801603206391
2016-02,2020indeks,97.18446601941747
2016-02,INDHOLD,100.1
2016-02,pi^12_t,0.0030060120240482657
2016-02,pi_t,0.007042253521126751
2016-03,2020indeks,97.28155339805825
2016-03,INDHOLD,100.2
2016-03,pi^12_t,0.0
2016-03,pi_t,0.0009990009990010762
2016-04,2020indeks,97.37864077669902
2016-04,INDHOLD,100.3
2016-04,pi^12_t,0.0
2016-04,pi_t,0.0009980039920158834
2016-05,2020indeks,97.57281553398059
2016-05,INDHOLD,100.5
2016-05,pi^12_t,0.0009960159362549792
2016-05,pi_t,0.001994017946161719
2016-06,2020indeks,97.66990291262135
2016-06,INDHOLD,100.6
2016-06,pi^12_t,0.0029910269192423566
2016-06,pi_t,0.0009950248756218638
2016-07,2020indeks,97.57281553398059
2016-07,INDHOLD,100.5
2016-07,pi^12_t,0.0029940119760480943
2016-07,pi_t,-0.0009940357852881165
2016-08,2020indeks,97.28155339805825
2016-08,INDHOLD,100.2
2016-08,pi^12_t,0.0020000000000000018
2016-08,pi_t,-0.0029850746268657025
2016-09,2020indeks,97.28155339805825
2016-09,INDHOLD,100.2
2016-09,pi^12_t,0.0
2016-09,pi_t,0.0
2016-10,2020indeks,97.47572815533981
2016-10,INDHOLD,100.4
2016-10,pi^12_t,0.0029970029970030065
2016-10,pi_t,0.001996007984031989
2016-11,2020indeks,97.37864077669902
2016-11,INDHOLD,100.3
2016-11,pi^12_t,0.004004004004003914
2016-11,pi_t,-0.0009960159362552012
2016-12,2020indeks,97.37864077669902
2016-12,INDHOLD,100.3
2016-12,pi^12_t,0.005010020040080221
2016-12,pi_t,0.0
2017-01,2020indeks,97.37864077669902
2017-01,INDHOLD,100.3
2017-01,pi^12_t,0.0090543259557343
2017-01,pi_t,0.0
2017-02,2020indeks,98.15533980582524
2017-02,INDHOLD,101.1
2017-02,pi^12_t,0.009990009990009874
2017-02,pi_t,0.00797607178464621
2017-03,2020indeks,98.25242718446601
2017-03,INDHOLD,101.2
2017-03,pi^12_t,0.009980039920159722
2017-03,pi_t,0.0009891196834816984
2017-04,2020indeks,98.44660194174757
2017-04,INDHOLD,101.4
2017-04,pi^12_t,0.010967098703888567
2017-04,pi_t,0.0019762845849802257
2017-05,2020indeks,98.3495145631068
2017-05,INDHOLD,101.3
2017-05,pi^12_t,0.007960199004975133
2017-05,pi_t,-0.0009861932938856066
2017-06,2020indeks,98.25242718446601
2017-06,INDHOLD,101.2
2017-06,pi^12_t,0.005964214711729587
2017-06,pi_t,-0.000987166831194486
2017-07,2020indeks,99.02912621359224
2017-07,INDHOLD,102.0
2017-07,pi^12_t,0.014925373134328401
2017-07,pi_t,0.007905138339921125
2017-08,2020indeks,98.7378640776699
2017-08,INDHOLD,101.7
2017-08,pi^12_t,0.014970059880239583
2017-08,pi_t,-0.002941176470588336
2017-09,2020indeks,98.83495145631068
2017-09,INDHOLD,101.8
2017-09,pi^12_t,0.015968063872255467
2017-09,pi_t,0.000983284169124854
2017-10,2020indeks,98.93203883495147
2017-10,INDHOLD,101.9
2017-10,pi^12_t,0.01494023904382491
2017-10,pi_t,0.0009823182711199419
2017-11,2020indeks,98.64077669902912
2017-11,INDHOLD,101.6
2017-11,pi^12_t,0.012961116650049842
2017-11,pi_t,-0.0029440628066734753
2017-12,2020indeks,98.3495145631068
2017-12,INDHOLD,101.3
2017-12,pi^12_t,0.009970089730807707
2017-12,pi_t,-0.0029527559055116948
2018-01,2020indeks,98.05825242718447
2018-01,INDHOLD,101.0
2018-01,pi^12_t,0.006979062811565573
2018-01,pi_t,-0.0029615004935833467
2018-02,2020indeks,98.7378640776699
2018-02,INDHOLD,101.7
2018-02,pi^12_t,0.005934718100890191
2018-02,pi_t,0.006930693069306937
2018-03,2020indeks,98.7378640776699
2018-03,INDHOLD,101.7
2018-03,pi^12_t,0.004940711462450675
2018-03,pi_t,0.0
2018-04,2020indeks,99.22330097087378
2018-04,INDHOLD,102.2
2018-04,pi^12_t,0.007889546351084631
2018-04,pi_t,0.00491642084562427
2018-05,2020indeks,99.41747572815535
2018-05,INDHOLD,102.4
2018-05,pi^12_t,0.010858835143139345
2018-05,pi_t,0.001956947162426781
2018-06,2020indeks,99.32038834951456
2018-06,INDHOLD,102.3
2018-06,pi^12_t,0.010869565217391353
2018-06,pi_t,-0.000976562500000222
2018-07,2020indeks,100.09708737864078
2018-07,INDHOLD,103.1
2018-07,pi^12_t,0.010784313725490158
2018-07,pi_t,0.00782013685239491
2018-08,2020indeks,99.70873786407766
2018-08,INDHOLD,102.7
2018-08,pi^12_t,0.009832841691248762
2018-08,pi_t,-0.0038797284190107417
2018-09,2020indeks,99.41747572815535
2018-09,INDHOLD,102.4
2018-09,pi^12_t,0.005893909626719207
2018-09,pi_t,-0.0029211295034077267
2018-10,2020indeks,99.70873786407766
2018-10,INDHOLD,102.7
2018-10,pi^12_t,0.007850834151128305
2018-10,pi_t,0.002929687499999778
2018-11,2020indeks,99.41747572815535
2018-11,INDHOLD,102.4
2018-11,pi^12_t,0.007874015748031704
2018-11,pi_t,-0.0029211295034077267
2018-12,2020indeks,99.126213592233
2018-12,INDHOLD,102.1
2018-12,pi^12_t,0.007897334649555665
2018-12,pi_t,-0.002929687500000222
2019-01,2020indeks,99.32038834951456
2019-01,INDHOLD,102.3
2019-01,pi^12_t,0.012871287128712883
2019-01,pi_t,0.0019588638589618235
2019-02,2020indeks,99.80582524271846
2019-02,INDHOLD,102.8
2019-02,pi^12_t,0.010816125860373837
2019-02,pi_t,0.004887585532747041
2019-03,2020indeks,99.90291262135923
2019-03,INDHOLD,102.9
2019-03,pi^12_t,0.011799410029498691
2019-03,pi_t,0.0009727626459143934
2019-04,2020indeks,100.19417475728156
2019-04,INDHOLD,103.2
2019-04,pi^12_t,0.009784735812133238
2019-04,pi_t,0.002915451895043608
2019-05,2020indeks,100.09708737864078
2019-05,INDHOLD,103.1
2019-05,pi^12_t,0.0068359375
2019-05,pi_t,-0.0009689922480620172
2019-06,2020indeks,99.90291262135923
2019-06,INDHOLD,102.9
2019-06,pi^12_t,0.0058651026392964045
2019-06,pi_t,-0.0019398642095052043
2019-07,2020indeks,100.48543689320388
2019-07,INDHOLD,103.5
2019-07,pi^12_t,0.0038797284190106307
2019-07,pi_t,0.005830903790087438
2019-08,2020indeks,100.09708737864078
2019-08,INDHOLD,103.1
2019-08,pi^12_t,0.003894839337877487
2019-08,pi_t,-0.0038647342995168366
2019-09,2020indeks,99.90291262135923
2019-09,INDHOLD,102.9
2019-09,pi^12_t,0.0048828125
2019-09,pi_t,-0.0019398642095052043
2019-10,2020indeks,100.29126213592232
2019-10,INDHOLD,103.3
2019-10,pi^12_t,0.0058422590068158975
2019-10,pi_t,0.0038872691933915515
2019-11,2020indeks,100.09708737864078
2019-11,INDHOLD,103.1
2019-11,pi^12_t,0.0068359375
2019-11,pi_t,-0.0019361084220715918
2019-12,2020indeks,99.90291262135923
2019-12,INDHOLD,102.9
2019-12,pi^12_t,0.007835455435847516
2019-12,pi_t,-0.0019398642095052043
2020-01,2020indeks,100.0
2020-01,INDHOLD,103.0
2020-01,pi^12_t,0.006842619745845546
2020-01,pi_t,0.0009718172983477213
2020-02,2020indeks,100.58252427184466
2020-02,INDHOLD,103.6
2020-02,pi^12_t,0.0077821011673151474
2020-02,pi_t,0.005825242718446644
2020-03,2020indeks,100.29126213592232
2020-03,INDHOLD,103.3
2020-03,pi^12_t,0.0038872691933915515
2020-03,pi_t,-0.0028957528957529455
2020-04,2020indeks,100.19417475728156
2020-04,INDHOLD,103.2
2020-04,pi^12_t,0.0
2020-04,pi_t,-0.0009680542110357404
2020-05,2020indeks,100.09708737864078
2020-05,INDHOLD,103.1
2020-05,pi^12_t,0.0
2020-05,pi_t,-0.0009689922480620172
2020-06,2020indeks,100.19417475728156
2020-06,INDHOLD,103.2
2020-06,pi^12_t,0.002915451895043608
2020-06,pi_t,0.0009699321047527132
2020-07,2020indeks,100.97087378640776
2020-07,INDHOLD,104.0
2020-07,pi^12_t,0.004830917874396157
2020-07,pi_t,0.007751937984496138
2020-08,2020indeks,100.58252427184466
2020-08,INDHOLD,103.6
2020-08,pi^12_t,0.004849660523763344
2020-08,pi_t,-0.0038461538461538325
2020-09,2020indeks,100.48543689320388
2020-09,INDHOLD,103.5
2020-09,pi^12_t,0.005830903790087438
2020-09,pi_t,-0.0009652509652510188
2020-10,2020indeks,100.67961165048544
2020-10,INDHOLD,103.7
2020-10,pi^12_t,0.0038722168441434057
2020-10,pi_t,0.0019323671497584183
2020-11,2020indeks,100.58252427184466
2020-11,INDHOLD,103.6
2020-11,pi^12_t,0.004849660523763344
2020-11,pi_t,-0.0009643201542912649
2020-12,2020indeks,100.3883495145631
2020-12,INDHOLD,103.4
2020-12,pi^12_t,0.004859086491739495
2020-12,pi_t,-0.0019305019305020377
2021-01,2020indeks,100.58252427184466
2021-01,INDHOLD,103.6
2021-01,pi^12_t,0.005825242718446644
2021-01,pi_t,0.0019342359767893225
2021-02,2020indeks,101.16504854368932
2021-02,INDHOLD,104.2
2021-02,pi^12_t,0.005791505791505891
2021-02,pi_t,0.005791505791505891
2021-03,2020indeks,101.26213592233009
2021-03,INDHOLD,104.3
2021-03,pi^12_t,0.00968054211035807
2021-03,pi_t,0.0009596928982724684
2021-04,2020indeks,101.6504854368932
2021-04,INDHOLD,104.7
2021-04,pi^12_t,0.014534883720930258
2021-04,pi_t,0.003835091083413289
2021-05,2020indeks,101.84466019417475
2021-05,INDHOLD,104.9
2021-05,pi^12_t,0.01745877788554795
2021-05,pi_t,0.0019102196752625034
2021-06,2020indeks,101.94174757281553
2021-06,INDHOLD,105.0
2021-06,pi^12_t,0.017441860465116088
2021-06,pi_t,0.0009532888465204614
2021-07,2020indeks,102.62135922330098
2021-07,INDHOLD,105.7
2021-07,pi^12_t,0.01634615384615401
2021-07,pi_t,0.006666666666666821
2021-08,2020indeks,102.42718446601941
2021-08,INDHOLD,105.5
2021-08,pi^12_t,0.01833976833976836
2021-08,pi_t,-0.0018921475875119942
2021-09,2020indeks,102.71844660194174
2021-09,INDHOLD,105.8
2021-09,pi^12_t,0.022222222222222143
2021-09,pi_t,0.0028436018957345155
2021-10,2020indeks,103.6893203883495
2021-10,INDHOLD,106.8
2021-10,pi^12_t,0.02989392478302788
2021-10,pi_t,0.00945179584120992
2021-11,2020indeks,103.98058252427185
2021-11,INDHOLD,107.1
2021-11,pi^12_t,0.03378378378378377
2021-11,pi_t,0.0028089887640452282
2021-12,2020indeks,103.49514563106797
2021-12,INDHOLD,106.6
2021-12,pi^12_t,0.030947775628626717
2021-12,pi_t,-0.00466853408029877
2022-01,2020indeks,104.95145631067962
2022-01,INDHOLD,108.1
2022-01,pi^12_t,0.043436293436293516
2022-01,pi_t,0.014071294559099501
2022-02,2020indeks,106.01941747572816
2022-02,INDHOLD,109.2
2022-02,pi^12_t,0.04798464491362764
2022-02,pi_t,0.010175763182238562
2022-03,2020indeks,106.6990291262136
2022-03,INDHOLD,109.9
2022-03,pi^12_t,0.05369127516778538
2022-03,pi_t,0.0064102564102563875
2022-04,2020indeks,108.44660194174757
2022-04,INDHOLD,111.7
2022-04,pi^12_t,0.06685768863419295
2022-04,pi_t,0.016378525932665866
2022-05,2020indeks,109.41747572815534
2022-05,INDHOLD,112.7
2022-05,pi^12_t,0.07435653002859866
2022-05,pi_t,0.00895255147717089
2022-06,2020indeks,110.29126213592232
2022-06,INDHOLD,113.6
2022-06,pi^12_t,0.08190476190476192
2022-06,pi_t,0.007985803016858917
2022-07,2020indeks,111.55339805825244
2022-07,INDHOLD,114.9
2022-07,pi^12_t,0.08703878902554396
2022-07,pi_t,0.01144366197183122
2022-08,2020indeks,111.55339805825244
2022-08,INDHOLD,114.9
2022-08,pi^12_t,0.08909952606635096
2022-08,pi_t,0.0
2022-09,2020indeks,113.00970873786409
2022-09,INDHOLD,116.4
2022-09,pi^12_t,0.10018903591682449
2022-09,pi_t,0.01305483028720622
2022-10,2020indeks,114.1747572815534
2022-10,INDHOLD,117.6
2022-10,pi^12_t,0.10112359550561822
2022-10,pi_t,0.010309278350515427
2022-11,2020indeks,113.20388349514563
2022-11,INDHOLD,116.6
2022-11,pi^12_t,0.08870214752567684
2022-11,pi_t,-0.008503401360544172
2022-12,2020indeks,112.5242718446602
2022-12,INDHOLD,115.9
2022-12,pi^12_t,0.08724202626641642
2022-12,pi_t,-0.006003430531732357
2023-01,2020indeks,113.00970873786409
2023-01,INDHOLD,116.4
2023-01,pi^12_t,0.07678075855689181
2023-01,pi_t,0.004314063848144922
2023-02,2020indeks,114.07766990291262
2023-02,INDHOLD,117.5
2023-02,pi^12_t,0.07600732600732596
2023-02,pi_t,0.009450171821305808
2023-03,2020indeks,113.88349514563107
2023-03,INDHOLD,117.3
2023-03,pi^12_t,0.06733393994540493
2023-03,pi_t,-0.0017021276595743373
2023-04,2020indeks,114.1747572815534
2023-04,INDHOLD,117.6
2023-04,pi^12_t,0.05282005371530896
2023-04,pi_t,0.002557544757033181
2023-05,2020indeks,112.62135922330097
2023-05,INDHOLD,116.0
2023-05,pi^12_t,0.02928127772848277
2023-05,pi_t,-0.013605442176870763
2023-06,2020indeks,113.00970873786409
2023-06,INDHOLD,116.4
2023-06,pi^12_t,0.02464788732394374
2023-06,pi_t,0.0034482758620690834
2023-07,2020indeks,115.04854368932038
2023-07,INDHOLD,118.5
2023-07,pi^12_t,0.03133159268929475
2023-07,pi_t,0.018041237113401998
2023-08,2020indeks,114.27184466019418
2023-08,INDHOLD,117.7
2023-08,pi^12_t,0.024369016536118338
2023-08,pi_t,-0.006751054852320637
2023-09,2020indeks,113.98058252427185
2023-09,INDHOLD,117.4
2023-09,pi^12_t,0.00859106529209619
2023-09,pi_t,-0.002548853016142716
2023-10,2020indeks,114.27184466019418
2023-10,INDHOLD,117.7
2023-10,pi^12_t,0.0008503401360544505
2023-10,pi_t,0.0025553662691650825
2023-11,2020indeks,113.88349514563107
2023-11,INDHOLD,117.3
2023-11,pi^12_t,0.006003430531732468
2023-11,pi_t,-0.003398470688190325
2023-12,2020indeks,113.30097087378641
2023-12,INDHOLD,116.7
2023-12,pi^12_t,0.00690250215703192
2023-12,pi_t,-0.005115089514066473
2024-01,2020indeks,114.36893203883496
2024-01,INDHOLD,117.8
2024-01,pi^12_t,0.012027491408934665
2024-01,pi_t,0.009425878320479919
2024-02,2020indeks,114.95145631067962
2024-02,INDHOLD,118.4
2024-02,pi^12_t,0.007659574468085184
2024-02,pi_t,0.005093378607809784
2024-03,2020indeks,114.95145631067962
2024-03,INDHOLD,118.4
2024-03,pi^12_t,0.009377664109121886
2024-03,pi_t,0.0
2024-04,2020indeks,115.04854368932038
2024-04,INDHOLD,118.5
2024-04,pi^12_t,0.007653061224489832
2024-04,pi_t,0.0008445945945945166
2024-05,2020indeks,115.04854368932038
2024-05,INDHOLD,118.5
2024-05,pi^12_t,0.02155172413793105
2024-05,pi_t,0.0
2024-06,2020indeks,115.04854368932038
2024-06,INDHOLD,118.5
2024-06,pi^12_t,0.018041237113401998
2024-06,pi_t,0.0
2024-07,2020indeks,116.31067961165049
2024-07,INDHOLD,119.8
2024-07,pi^12_t,0.01097046413502123
2024-07,pi_t,0.01097046413502123
2024-08,2020indeks,115.8252427184466
2024-08,INDHOLD,119.3
2024-08,pi^12_t,0.0135938827527613
2024-08,pi_t,-0.004173622704507496
2024-09,2020indeks,115.4368932038835
2024-09,INDHOLD,118.9
2024-09,pi^12_t,0.0127768313458263
2024-09,pi_t,-0.003352891869237151
2024-10,2020indeks,116.11650485436893
2024-10,INDHOLD,119.6
2024-10,pi^12_t,0.016142735768903904
2024-10,pi_t,0.005887300252312766
2024-11,2020indeks,115.72815533980582
2024-11,INDHOLD,119.2
2024-11,pi^12_t,0.01619778346121059
2024-11,pi_t,-0.0033444816053511683
2024-12,2020indeks,115.4368932038835
2024-12,INDHOLD,118.9
2024-12,pi^12_t,0.018851756640959838
2024-12,pi_t,-0.00251677852348986
2025-01,2020indeks,116.11650485436893
2025-01,INDHOLD,119.6
2025-01,pi^12_t,0.015280135823429353
2025-01,pi_t,0.005887300252312766
2025-02,2020indeks,117.28155339805826
2025-02,INDHOLD,120.8
2025-02,pi^12_t,0.020270270270270396
2025-02,pi_t,0.010033444816053727
2025-03,2020indeks,116.69902912621359
2025-03,INDHOLD,120.2
2025-03,pi^12_t,0.01520270270270263
2025-03,pi_t,-0.004966887417218624
2025-04,2020indeks,116.79611650485438
2025-04,INDHOLD,120.3
2025-04,pi^12_t,0.0151898734177216
2025-04,pi_t,0.0008319467554078752
2025-05,2020indeks,116.89320388349516
2025-05,INDHOLD,120.4
2025-05,pi^12_t,0.016033755274261763
2025-05,pi_t,0.0008312551953451042
2025-06,2020indeks,117.18446601941747
2025-06,INDHOLD,120.7
2025-06,pi^12_t,0.018565400843881807
2025-06,pi_t,0.002491694352159346
2025-07,2020indeks,118.93203883495144
2025-07,INDHOLD,122.5
2025-07,pi^12_t,0.022537562604340478
2025-07,pi_t,0.01491300745650359
2025-08,2020indeks,118.15533980582525
2025-08,INDHOLD,121.7
2025-08,pi^12_t,0.02011735121542335
2025-08,pi_t,-0.0065306122448978154
2025-09,2020indeks,118.05825242718446
2025-09,INDHOLD,121.6
2025-09,pi^12_t,0.022708158116063748
2025-09,pi_t,-0.0008216926869352159
